shape	system	samples	bytes
counter	prometheus	1152000	2389869
counter	victoriametrics	1152000	774732
counter	timescaledb	1152000	70967296
counter	timescaledb-compressed	1152000	3342336
gauge2	prometheus	1152000	8396261
gauge2	victoriametrics	1152000	1770914
gauge2	timescaledb	1152000	70967296
gauge2	timescaledb-compressed	1152000	10297344
gauge	prometheus	1152000	8413821
gauge	victoriametrics	1152000	7442924
gauge	timescaledb	1152000	70967296
gauge	timescaledb-compressed	1152000	10297344
const	prometheus	1152000	769946
const	victoriametrics	1152000	31486
const	timescaledb	1152000	70967296
const	timescaledb-compressed	1152000	720896
